<?xml version="1.0" encoding="UTF-8"?>
<project-private xmlns="http://www.netbeans.org/ns/project-private/1">
    <editor-bookmarks xmlns="http://www.netbeans.org/ns/editor-bookmarks/2" lastBookmarkId="0"/>
    <open-files xmlns="http://www.netbeans.org/ns/projectui-open-files/2">
        <group>
            <file>file:/D:/Xampp/htdocs/routing/core/functions.php</file>
            <file>file:/D:/Xampp/htdocs/routing/app/controllers/CalcCtrl.class.php</file>
            <file>file:/D:/Xampp/htdocs/routing/core/Router.class.php</file>
            <file>file:/D:/Xampp/htdocs/routing/index.php</file>
            <file>file:/D:/Xampp/htdocs/routing/app/forms/LoginForm.class.php</file>
            <file>file:/D:/Xampp/htdocs/routing/css/style.css</file>
            <file>file:/D:/Xampp/htdocs/routing/app/transfer/User.class.php</file>
            <file>file:/D:/Xampp/htdocs/routing/init.php</file>
            <file>file:/D:/Xampp/htdocs/routing/config.php</file>
        </group>
    </open-files>
</project-private>
