<?xml version="1.0" encoding="UTF-8"?>
<project-private xmlns="http://www.netbeans.org/ns/project-private/1">
    <editor-bookmarks xmlns="http://www.netbeans.org/ns/editor-bookmarks/2" lastBookmarkId="0"/>
    <open-files xmlns="http://www.netbeans.org/ns/projectui-open-files/2">
        <group>
            <file>file:/D:/Xampp/htdocs/kalkulatorDB/css/style.css</file>
            <file>file:/D:/Xampp/htdocs/kalkulatorDB/app/views/History_View_Db.tpl</file>
            <file>file:/D:/Xampp/htdocs/kalkulatorDB/app/views/templates/records_Db_View.tpl</file>
            <file>file:/D:/Xampp/htdocs/kalkulatorDB/app/controllers/DbHistory.class.php</file>
            <file>file:/D:/Xampp/htdocs/kalkulatorDB/init.php</file>
            <file>file:/D:/Xampp/htdocs/kalkulatorDB/config.php</file>
        </group>
    </open-files>
</project-private>
